{
  "test_metadata": {
    "timestamp": "2025-11-21T22:37:49.462916",
    "total_test_time": 2.5900560999289155,
    "components_tested": [
      "self_learning",
      "adaptability",
      "weight_scaling",
      "real_world"
    ]
  },
  "results": {
    "self_learning": {
      "experiences_processed": 300,
      "processing_time": 1.8443510999786668,
      "experiences_per_second": 162.658834320358,
      "success_rate": 0.5066666666666667,
      "learning_improvements": 0
    },
    "adaptability": {
      "processing_time": 0.003020100004505366,
      "experiences_processed": 200,
      "adaptability_metrics": {
        "learning_speed": 1.0,
        "scenario_adaptation": 0.9810488876056042,
        "stability_score": 0.9106468407167969,
        "novelty_handling": 0.8,
        "recovery_rate": 0.8,
        "adaptability_trend": 1.0
      },
      "improvement_metrics": {
        "accuracy_trend": 1.0,
        "learning_curve_slope": 0.0,
        "performance_gain": 0.8193333691564855,
        "statistical_significance": 9.515169586180927e-43,
        "improvement_confidence": 0.9648799603349292
      }
    },
    "weight_scaling": {
      "processing_time": 0.0007548999856226146,
      "cycles_processed": 50,
      "initial_weights": {
        "reasoning": 1.0,
        "attention": 0.8,
        "memory": 0.6,
        "emotional": 0.4
      },
      "final_weights": {
        "reasoning": 1.0802923927689285,
        "attention": 0.8054365813051231,
        "memory": 0.5436696923809581,
        "emotional": 0.40271829065256154
      },
      "weight_changes": {
        "reasoning": 0.08029239276892852,
        "attention": 0.005436581305123034,
        "memory": -0.0563303076190419,
        "emotional": 0.002718290652561517
      },
      "scaling_factors": {
        "reasoning": 1.0802923927689285,
        "attention": 1.0067957266314038,
        "memory": 0.9061161539682635,
        "emotional": 1.0067957266314038
      }
    },
    "real_world": {
      "records_processed": 1000,
      "processing_time": 0.7419299999601208,
      "records_per_second": 1347.8360492954196,
      "success_rate": 0.969,
      "total_tax_calculated": 6734817.174909111,
      "total_gains_losses": 44898781.166060746
    }
  },
  "summary": {
    "total_operations": 1550,
    "overall_success_rate": 0.8689166666666667,
    "performance_ratings": {
      "self_learning": "Self Learning: Needs Improvement",
      "adaptability": "Adaptability: Excellent",
      "weight_scaling": "Weight Scaling: Excellent",
      "real_world": "Real World: Excellent"
    }
  }
}
