{
  "multimodal_conflict_index": 1.1807222222222222,
  "processing_channel_saturation": 1.9949999999999997,
  "integration_efficiency": 0.7596388888888888,
  "overload_recovery_rate": 0.6077111111111112,
  "channel_synchronization_score": 0.7638555555555555,
  "real_multimodal_scenarios_processed": 30,
  "runtime_seconds": 4.414018869400024,
  "test_name": "Multimodal Overload Test",
  "physiological_envelope": {
    "coherence": {
      "min": 0.635116316438875,
      "mean": 0.635116316438875,
      "max": 0.635116316438875
    },
    "load": {
      "min": 0.33446911349892616,
      "mean": 0.33446911349892616,
      "max": 0.33446911349892616
    },
    "drift": {
      "max": 0.03391413329566113,
      "peak_step": 0
    },
    "recovery": "recovered"
  }
}